体,00.png,0,,.png
体,01.png,1,,.png
全,200.png,200,,.png
全,201.png,201,,.png
全,セット.txt,セット,,.txt
口,00.png,00,0,.png
口,00a.png,00,1,.png
口,00b.png,00,2,.png
口,00c.png,00,3,.png
口,00d.png,00,4,.png
口,00e.png,00,,.png
口,01.png,01,0,.png
口,01a.png,01,1,.png
口,01b.png,01,2,.png
口,01c.png,01,3,.png
口,01d.png,01,4,.png
口,01e.png,01,,.png
口,02.png,02,0,.png
口,02a.png,02,1,.png
口,02b.png,02,2,.png
口,02c.png,02,3,.png
口,02d.png,02,4,.png
口,02e.png,02,,.png
口,03.png,03,0,.png
口,03a.png,03,1,.png
口,03b.png,03,2,.png
口,03c.png,03,3,.png
口,03d.png,03,4,.png
口,03e.png,03,,.png
口,04.png,04,0,.png
口,04a.png,04,1,.png
口,04b.png,04,2,.png
口,04c.png,04,3,.png
口,04d.png,04,4,.png
口,04e.png,04,,.png
口,05.png,05,0,.png
口,05a.png,05,1,.png
口,05b.png,05,2,.png
口,05c.png,05,3,.png
口,05d.png,05,4,.png
口,05e.png,05,,.png
口,06.png,06,0,.png
口,06a.png,06,1,.png
口,06b.png,06,2,.png
口,06c.png,06,3,.png
口,06d.png,06,4,.png
口,06e.png,06,,.png
口,07.png,07,0,.png
口,07a.png,07,1,.png
口,07b.png,07,2,.png
口,07c.png,07,3,.png
口,07d.png,07,4,.png
口,07e.png,07,,.png
口,08.png,08,0,.png
口,08a.png,08,1,.png
口,08b.png,08,2,.png
口,08c.png,08,3,.png
口,08d.png,08,4,.png
口,08e.png,08,,.png
口,09.png,09,0,.png
口,09a.png,09,1,.png
口,09b.png,09,2,.png
口,09c.png,09,3,.png
口,09d.png,09,4,.png
口,09e.png,09,,.png
口,10.png,10,0,.png
口,10a.png,10,1,.png
口,10b.png,10,2,.png
口,10c.png,10,3,.png
口,10d.png,10,4,.png
口,10e.png,10,,.png
口,11.png,11,0,.png
口,11a.png,11,1,.png
口,11b.png,11,2,.png
口,11c.png,11,3,.png
口,11d.png,11,4,.png
口,11e.png,11,,.png
口,12.png,12,0,.png
口,12a.png,12,1,.png
口,12b.png,12,2,.png
口,12c.png,12,3,.png
口,12d.png,12,4,.png
口,12e.png,12,,.png
口,13.png,13,0,.png
口,13a.png,13,1,.png
口,13b.png,13,2,.png
口,13c.png,13,3,.png
口,13d.png,13,4,.png
口,13e.png,13,,.png
口,14.png,14,0,.png
口,14a.png,14,1,.png
口,14b.png,14,2,.png
口,14c.png,14,3,.png
口,14d.png,14,4,.png
口,14e.png,14,,.png
口,15.png,15,0,.png
口,15a.png,15,1,.png
口,15b.png,15,2,.png
口,15c.png,15,3,.png
口,15d.png,15,4,.png
口,15e.png,15,,.png
口,16.png,16,0,.png
口,16a.png,16,1,.png
口,16b.png,16,2,.png
口,16c.png,16,3,.png
口,16d.png,16,4,.png
口,16e.png,16,,.png
口,17.png,17,0,.png
口,17a.png,17,1,.png
口,17b.png,17,2,.png
口,17c.png,17,3,.png
口,17d.png,17,4,.png
口,17e.png,17,,.png
口,18.png,18,0,.png
口,18a.png,18,1,.png
口,18b.png,18,2,.png
口,18c.png,18,3,.png
口,18d.png,18,4,.png
口,18e.png,18,,.png
口,19.png,19,,.png
口,20.png,20,,.png
口,21.png,21,,.png
口,22.png,22,,.png
口,23.png,23,,.png
口,24.png,24,,.png
口,25.png,25,,.png
口,26.png,26,,.png
口,27.png,27,,.png
口,28.png,28,,.png
口,29.png,29,,.png
口,30.png,30,,.png
口,31.png,31,,.png
口,32.png,32,,.png
口,33.png,33,,.png
口,34.png,34,,.png
後,01m1.png,00,,.png
後,01m1kw01.png,00,16,.png
後,01m1kw02.png,00,15,.png
後,01m1kw03.png,00,14,.png
後,01m1kw04.png,00,13,.png
後,01m1kw05.png,00,12,.png
後,01m1kw06.png,00,11,.png
後,01m1kw07.png,00,1,.png
後,01m1kw08.png,00,9,.png
後,01m1kw09.png,00,8,.png
後,01m1kw10.png,00,7,.png
後,01m1kw11.png,00,6,.png
後,01m1kw12.png,00,5,.png
後,01m1kw13.png,00,4,.png
後,01m1kw14.png,00,3,.png
後,01m1kw15.png,00,2,.png
後,01m1kw16.png,00,1,.png
後,01m1kw17.png,00,0,.png
後,01m2.png,01,,.png
後,01m2kt01.png,01,9,.png
後,01m2kt02.png,01,8,.png
後,01m2kt03.png,01,7,.png
後,01m2kt04.png,01,6,.png
後,01m2kt05.png,01,5,.png
後,01m2kt06.png,01,4,.png
後,01m2kt07.png,01,3,.png
後,01m2kt08.png,01,2,.png
後,01m2kt09.png,01,1,.png
後,01m2kt10.png,01,0,.png
後,02m1.png,02,,.png
後,02m1kw01.png,02,16,.png
後,02m1kw02.png,02,15,.png
後,02m1kw03.png,02,14,.png
後,02m1kw04.png,02,13,.png
後,02m1kw05.png,02,12,.png
後,02m1kw06.png,02,11,.png
後,02m1kw07.png,02,1,.png
後,02m1kw08.png,02,9,.png
後,02m1kw09.png,02,8,.png
後,02m1kw10.png,02,7,.png
後,02m1kw11.png,02,6,.png
後,02m1kw12.png,02,5,.png
後,02m1kw13.png,02,4,.png
後,02m1kw14.png,02,3,.png
後,02m1kw15.png,02,2,.png
後,02m1kw16.png,02,1,.png
後,02m1kw17.png,02,0,.png
後,03u1.png,03,,.png
後,03u1kw01.png,03,16,.png
後,03u1kw02.png,03,15,.png
後,03u1kw03.png,03,14,.png
後,03u1kw04.png,03,13,.png
後,03u1kw05.png,03,12,.png
後,03u1kw06.png,03,11,.png
後,03u1kw07.png,03,1,.png
後,03u1kw08.png,03,9,.png
後,03u1kw09.png,03,8,.png
後,03u1kw10.png,03,7,.png
後,03u1kw11.png,03,6,.png
後,03u1kw12.png,03,5,.png
後,03u1kw13.png,03,4,.png
後,03u1kw14.png,03,3,.png
後,03u1kw15.png,03,2,.png
後,03u1kw16.png,03,1,.png
後,03u1kw17.png,03,0,.png
後,04.png,04,,.png
目,00.png,00,,.png
目,00a.png,00,4,.png
目,00b.png,00,3,.png
目,00c.png,00,2,.png
目,00d.png,00,1,.png
目,00e.png,00,0,.png
目,01.png,01,,.png
目,01a.png,01,4,.png
目,01b.png,01,3,.png
目,01c.png,01,2,.png
目,01d.png,01,1,.png
目,01e.png,01,0,.png
目,02.png,02,,.png
目,02a.png,02,4,.png
目,02b.png,02,3,.png
目,02c.png,02,2,.png
目,02d.png,02,1,.png
目,02e.png,02,0,.png
目,03.png,03,,.png
目,03a.png,03,4,.png
目,03b.png,03,3,.png
目,03c.png,03,2,.png
目,03d.png,03,1,.png
目,03e.png,03,0,.png
目,04.png,04,,.png
目,04a.png,04,4,.png
目,04b.png,04,3,.png
目,04c.png,04,2,.png
目,04d.png,04,1,.png
目,04e.png,04,0,.png
目,05.png,05,,.png
目,05a.png,05,4,.png
目,05b.png,05,3,.png
目,05c.png,05,2,.png
目,05d.png,05,1,.png
目,05e.png,05,0,.png
目,06.png,06,,.png
目,06a.png,06,4,.png
目,06b.png,06,3,.png
目,06c.png,06,2,.png
目,06d.png,06,1,.png
目,06e.png,06,0,.png
目,07-15.png,07,,.png
目,07a-15.png,07,4,.png
目,07b-15.png,07,3,.png
目,07c-15.png,07,2,.png
目,07d-15.png,07,1,.png
目,07e-15.png,07,0,.png
目,08-15.png,08,,.png
目,08a-15.png,08,4,.png
目,08b-15.png,08,3,.png
目,08c-15.png,08,2,.png
目,08d-15.png,08,1,.png
目,08e-15.png,08,0,.png
目,09-15.png,09,,.png
目,09a-15.png,09,4,.png
目,09b-15.png,09,3,.png
目,09c-15.png,09,2,.png
目,09d-15.png,09,1,.png
目,09e-15.png,09,0,.png
目,10.png,10,,.png
目,10k.png,10,4,.png
目,10l.png,10,3,.png
目,10m.png,10,2,.png
目,10n.png,10,1,.png
目,10o.png,10,0,.png
目,11.png,11,,.png
目,11k.png,11,4,.png
目,11l.png,11,3,.png
目,11m.png,11,2,.png
目,11n.png,11,1,.png
目,11o.png,11,0,.png
目,12.png,12,,.png
目,12k.png,12,4,.png
目,12l.png,12,3,.png
目,12m.png,12,2,.png
目,12n.png,12,1,.png
目,12o.png,12,0,.png
目,13.png,13,,.png
目,13k.png,13,4,.png
目,13l.png,13,3,.png
目,13m.png,13,2,.png
目,13n.png,13,1,.png
目,13o.png,13,0,.png
目,14.png,14,,.png
目,14a.png,14,4,.png
目,14b.png,14,3,.png
目,14c.png,14,2,.png
目,14d.png,14,1,.png
目,14e.png,14,0,.png
目,15.png,15,,.png
目,15a.png,15,4,.png
目,15b.png,15,3,.png
目,15c.png,15,2,.png
目,15d.png,15,1,.png
目,15e.png,15,0,.png
目,16.png,16,,.png
目,16a.png,16,4,.png
目,16b.png,16,3,.png
目,16c.png,16,2,.png
目,16d.png,16,1,.png
目,16e.png,16,0,.png
目,17.png,17,,.png
目,17a.png,17,4,.png
目,17b.png,17,3,.png
目,17c.png,17,2,.png
目,17d.png,17,1,.png
目,17e.png,17,0,.png
目,18-15.png,18,,.png
目,18a-15.png,18,4,.png
目,18b-15.png,18,3,.png
目,18c-15.png,18,2,.png
目,18d-15.png,18,1,.png
目,18e-15.png,18,0,.png
目,19.png,19,,.png
目,20.png,20,,.png
目,21.png,21,,.png
目,22.png,22,,.png
目,23z.png,23,,.png
目,24.png,24,,.png
目,25.png,25,,.png
目,26.png,26,,.png
目,27.png,27,,.png
目,28.png,28,,.png
目,29.png,29,,.png
目,30.png,30,,.png
目,31.png,31,,.png
目,32.png,32,,.png
目,33.png,33,,.png
目,34z.png,34,,.png
目,35.png,35,,.png
目,36.png,36,,.png
目,37.png,37,,.png
眉,00.png,00,,.png
眉,01.png,01,,.png
眉,02.png,02,,.png
眉,03.png,03,,.png
眉,04.png,04,,.png
眉,05.png,05,,.png
眉,06.png,06,,.png
眉,07.png,07,,.png
眉,08.png,08,,.png
眉,09.png,09,,.png
眉,10.png,10,,.png
眉,11.png,11,,.png
眉,12.png,12,,.png
眉,13.png,13,,.png
顔,00a.png,00,,.png
顔,01a.png,01,,.png
顔,02b.png,02,,.png
顔,03b.png,03,,.png
顔,04b.png,04,,.png
顔,05a.png,05,,.png
顔,06a.png,06,,.png
顔,07a.png,07,,.png
髪,00.png,00,,.png
髪,01.png,01,,.png
